<?xml version='1.0' encoding='UTF-8'?>
<?artifactRepository class='org.eclipse.equinox.internal.p2.artifact.repository.simple.SimpleArtifactRepository' version='1.0.0'?>
<repository name='extension location artifact repository: file:/M:/epoc32/tools/widget_tools/hspluginpreinstaller/eclipse/.eclipseextension' type='org.eclipse.equinox.p2.artifact.repository.simpleRepository' version='1'>
  <properties size='4'>
    <property name='p2.system' value='true'/>
    <property name='org.eclipse.update.site.policy' value='USER-EXCLUDE'/>
    <property name='org.eclipse.update.site.list' value=''/>
    <property name='p2.timestamp' value='1263459837654'/>
  </properties>
  <mappings size='3'>
    <rule filter='(&amp; (classifier=osgi.bundle))' output='${repoUrl}/plugins/${id}_${version}.jar'/>
    <rule filter='(&amp; (classifier=binary))' output='${repoUrl}/binary/${id}_${version}'/>
    <rule filter='(&amp; (classifier=org.eclipse.update.feature))' output='${repoUrl}/features/${id}_${version}.jar'/>
  </mappings>
  <artifacts size='0'/>
</repository>
