<?xml version='1.0' encoding='UTF-8'?>
<?artifactRepository class='org.eclipse.equinox.internal.p2.artifact.repository.simple.SimpleArtifactRepository' version='1.0.0'?>
<repository name='Bundle pool' type='org.eclipse.equinox.p2.artifact.repository.simpleRepository' version='1'>
  <properties size='2'>
    <property name='p2.system' value='true'/>
    <property name='p2.timestamp' value='1221176120087'/>
  </properties>
  <mappings size='3'>
    <rule filter='(&amp; (classifier=osgi.bundle))' output='${repoUrl}/plugins/${id}_${version}.jar'/>
    <rule filter='(&amp; (classifier=binary))' output='${repoUrl}/binary/${id}_${version}'/>
    <rule filter='(&amp; (classifier=org.eclipse.update.feature))' output='${repoUrl}/features/${id}_${version}.jar'/>
  </mappings>
  <artifacts size='136'>
    <artifact classifier='osgi.bundle' id='org.eclipse.update.core.win32' version='3.2.100.v20080107'>
      <properties size='2'>
        <property name='artifact.size' value='85075'/>
        <property name='download.size' value='85075'/>
      </properties>
    </artifact>
    <artifact classifier='osgi.bundle' id='org.eclipse.equinox.p2.director.app' version='1.0.1.R34x_v20080729'>
      <properties size='2'>
        <property name='artifact.size' value='24764'/>
        <property name='download.size' value='24767'/>
      </properties>
    </artifact>
    <artifact classifier='osgi.bundle' id='org.eclipse.ui.forms' version='3.3.101.v20080708_34x'>
      <properties size='2'>
        <property name='artifact.size' value='298053'/>
        <property name='download.size' value='298053'/>
      </properties>
    </artifact>
    <artifact classifier='osgi.bundle' id='org.eclipse.ui.intro.universal' version='3.2.200.v20080508'>
      <properties size='2'>
        <property name='artifact.size' value='4096'/>
        <property name='download.size' value='1193369'/>
      </properties>
      <repositoryProperties size='1'>
        <property name='artifact.folder' value='true'/>
      </repositoryProperties>
    </artifact>
    <artifact classifier='osgi.bundle' id='org.eclipse.swt.win32.win32.x86' version='3.4.1.v3449c'>
      <properties size='2'>
        <property name='artifact.size' value='2123125'/>
        <property name='download.size' value='2123125'/>
      </properties>
    </artifact>
    <artifact classifier='osgi.bundle' id='org.eclipse.core.databinding' version='1.1.1.M20080827-0800b'>
      <properties size='2'>
        <property name='artifact.size' value='347799'/>
        <property name='download.size' value='347799'/>
      </properties>
    </artifact>
    <artifact classifier='osgi.bundle' id='org.eclipse.core.commands' version='3.4.0.I20080509-2000'>
      <properties size='2'>
        <property name='artifact.size' value='105794'/>
        <property name='download.size' value='105794'/>
      </properties>
    </artifact>
    <artifact classifier='osgi.bundle' id='org.eclipse.ui.ide.application' version='1.0.0.I20080603-2000'>
      <properties size='2'>
        <property name='artifact.size' value='48094'/>
        <property name='download.size' value='48094'/>
      </properties>
    </artifact>
    <artifact classifier='osgi.bundle' id='org.eclipse.text' version='3.4.0.v20080605-1800'>
      <properties size='2'>
        <property name='artifact.size' value='244646'/>
        <property name='download.size' value='244646'/>
      </properties>
    </artifact>
    <artifact classifier='osgi.bundle' id='org.eclipse.equinox.p2.exemplarysetup' version='1.0.0.v20080427-2136'>
      <properties size='2'>
        <property name='artifact.size' value='7971'/>
        <property name='download.size' value='7971'/>
      </properties>
    </artifact>
    <artifact classifier='osgi.bundle' id='org.eclipse.update.ui' version='3.2.100.v20080318'>
      <properties size='2'>
        <property name='artifact.size' value='510089'/>
        <property name='download.size' value='510089'/>
      </properties>
    </artifact>
    <artifact classifier='osgi.bundle' id='org.eclipse.platform.doc.user' version='3.4.1.r341_v20080808-0800'>
      <properties size='2'>
        <property name='artifact.size' value='7177281'/>
        <property name='download.size' value='7177271'/>
      </properties>
    </artifact>
    <artifact classifier='osgi.bundle' id='org.eclipse.ui.console' version='3.3.0.v20080529-1300'>
      <properties size='2'>
        <property name='artifact.size' value='155954'/>
        <property name='download.size' value='155954'/>
      </properties>
    </artifact>
    <artifact classifier='osgi.bundle' id='org.eclipse.ui.workbench' version='3.4.1.M20080827-0800a'>
      <properties size='2'>
        <property name='artifact.size' value='3922042'/>
        <property name='download.size' value='3922042'/>
      </properties>
    </artifact>
    <artifact classifier='osgi.bundle' id='org.eclipse.swt' version='3.4.1.v3449c'>
      <properties size='2'>
        <property name='artifact.size' value='15807'/>
        <property name='download.size' value='15807'/>
      </properties>
    </artifact>
    <artifact classifier='osgi.bundle' id='org.sat4j.pb' version='2.0.0.v20080602'>
      <properties size='2'>
        <property name='artifact.size' value='89905'/>
        <property name='download.size' value='89905'/>
      </properties>
    </artifact>
    <artifact classifier='osgi.bundle' id='org.eclipse.equinox.preferences' version='3.2.201.R34x_v20080709'>
      <properties size='2'>
        <property name='artifact.size' value='104280'/>
        <property name='download.size' value='104280'/>
      </properties>
    </artifact>
    <artifact classifier='osgi.bundle' id='org.eclipse.ecf.provider.filetransfer.ssl' version='1.0.0.v20080611-1715'>
      <properties size='2'>
        <property name='artifact.size' value='7265'/>
        <property name='download.size' value='7265'/>
      </properties>
    </artifact>
    <artifact classifier='osgi.bundle' id='org.eclipse.equinox.p2.console' version='1.0.0.v20080514-1900'>
      <properties size='2'>
        <property name='artifact.size' value='18740'/>
        <property name='download.size' value='18740'/>
      </properties>
    </artifact>
    <artifact classifier='osgi.bundle' id='org.eclipse.jface.text' version='3.4.1.r341_v20080827-1100'>
      <properties size='2'>
        <property name='artifact.size' value='945609'/>
        <property name='download.size' value='945609'/>
      </properties>
    </artifact>
    <artifact classifier='osgi.bundle' id='org.eclipse.update.configurator' version='3.2.201.R34x_v20080819'>
      <properties size='2'>
        <property name='artifact.size' value='97995'/>
        <property name='download.size' value='97995'/>
      </properties>
    </artifact>
    <artifact classifier='osgi.bundle' id='org.eclipse.ltk.ui.refactoring' version='3.4.1.r341_v20080716-0800'>
      <properties size='2'>
        <property name='artifact.size' value='454562'/>
        <property name='download.size' value='454562'/>
      </properties>
    </artifact>
    <artifact classifier='osgi.bundle' id='org.eclipse.update.core' version='3.2.201.R34x_v20080714'>
      <properties size='2'>
        <property name='artifact.size' value='605270'/>
        <property name='download.size' value='605270'/>
      </properties>
    </artifact>
    <artifact classifier='osgi.bundle' id='org.eclipse.help' version='3.3.101.v20080702_34x'>
      <properties size='2'>
        <property name='artifact.size' value='216698'/>
        <property name='download.size' value='216698'/>
      </properties>
    </artifact>
    <artifact classifier='osgi.bundle' id='org.eclipse.equinox.jsp.jasper' version='1.0.100.v20080427-0830'>
      <properties size='2'>
        <property name='artifact.size' value='22149'/>
        <property name='download.size' value='22149'/>
      </properties>
    </artifact>
    <artifact classifier='osgi.bundle' id='org.eclipse.equinox.p2.reconciler.dropins' version='1.0.2.R34x_v20080909'>
      <properties size='2'>
        <property name='artifact.size' value='38072'/>
        <property name='download.size' value='38072'/>
      </properties>
    </artifact>
    <artifact classifier='osgi.bundle' id='org.eclipse.equinox.p2.touchpoint.eclipse' version='1.0.2.R34x_v20080910'>
      <properties size='2'>
        <property name='artifact.size' value='97326'/>
        <property name='download.size' value='97326'/>
      </properties>
    </artifact>
    <artifact classifier='osgi.bundle' id='org.eclipse.equinox.p2.ui' version='1.0.1.R34x_v20080909'>
      <properties size='2'>
        <property name='artifact.size' value='374358'/>
        <property name='download.size' value='374358'/>
      </properties>
    </artifact>
    <artifact classifier='osgi.bundle' id='org.eclipse.equinox.registry' version='3.4.0.v20080516-0950'>
      <properties size='2'>
        <property name='artifact.size' value='172936'/>
        <property name='download.size' value='172936'/>
      </properties>
    </artifact>
    <artifact classifier='osgi.bundle' id='org.eclipse.ui.workbench.compatibility' version='3.2.0.I20080509-2000'>
      <properties size='2'>
        <property name='artifact.size' value='4096'/>
        <property name='download.size' value='11413'/>
      </properties>
      <repositoryProperties size='1'>
        <property name='artifact.folder' value='true'/>
      </repositoryProperties>
    </artifact>
    <artifact classifier='osgi.bundle' id='org.eclipse.ui.navigator.resources' version='3.3.101.M20080910-0800'>
      <properties size='2'>
        <property name='artifact.size' value='115744'/>
        <property name='download.size' value='115744'/>
      </properties>
    </artifact>
    <artifact classifier='osgi.bundle' id='org.eclipse.core.expressions' version='3.4.0.v20080603-2000'>
      <properties size='2'>
        <property name='artifact.size' value='83841'/>
        <property name='download.size' value='83841'/>
      </properties>
    </artifact>
    <artifact classifier='osgi.bundle' id='org.eclipse.equinox.frameworkadmin.equinox' version='1.0.2.R34x_v20080911'>
      <properties size='2'>
        <property name='artifact.size' value='55951'/>
        <property name='download.size' value='55951'/>
      </properties>
    </artifact>
    <artifact classifier='osgi.bundle' id='org.eclipse.ui.net' version='1.0.0.I20080605'>
      <properties size='2'>
        <property name='artifact.size' value='39977'/>
        <property name='download.size' value='39977'/>
      </properties>
    </artifact>
    <artifact classifier='osgi.bundle' id='javax.servlet.jsp' version='2.0.0.v200806031607'>
      <properties size='2'>
        <property name='artifact.size' value='62710'/>
        <property name='download.size' value='62710'/>
      </properties>
    </artifact>
    <artifact classifier='osgi.bundle' id='org.eclipse.equinox.p2.garbagecollector' version='1.0.1.R34x_v20080818'>
      <properties size='2'>
        <property name='artifact.size' value='19003'/>
        <property name='download.size' value='19003'/>
      </properties>
    </artifact>
    <artifact classifier='osgi.bundle' id='org.eclipse.ant.core' version='3.2.0.v20080529'>
      <properties size='2'>
        <property name='artifact.size' value='95494'/>
        <property name='download.size' value='95496'/>
      </properties>
    </artifact>
    <artifact classifier='osgi.bundle' id='org.eclipse.ecf.ssl' version='1.0.0.v20080611-1715'>
      <properties size='2'>
        <property name='artifact.size' value='10001'/>
        <property name='download.size' value='10001'/>
      </properties>
    </artifact>
    <artifact classifier='osgi.bundle' id='org.eclipse.equinox.p2.updatesite' version='1.0.1.R34x_v20080808-1156'>
      <properties size='2'>
        <property name='artifact.size' value='37914'/>
        <property name='download.size' value='37914'/>
      </properties>
    </artifact>
    <artifact classifier='osgi.bundle' id='org.eclipse.equinox.common' version='3.4.0.v20080421-2006'>
      <properties size='2'>
        <property name='artifact.size' value='94649'/>
        <property name='download.size' value='94649'/>
      </properties>
    </artifact>
    <artifact classifier='osgi.bundle' id='org.eclipse.core.resources' version='3.4.1.R34x_v20080902'>
      <properties size='2'>
        <property name='artifact.size' value='699906'/>
        <property name='download.size' value='699908'/>
      </properties>
    </artifact>
    <artifact classifier='osgi.bundle' id='org.eclipse.rcp' version='3.4.0.v20080507'>
      <properties size='2'>
        <property name='artifact.size' value='12869'/>
        <property name='download.size' value='12866'/>
      </properties>
    </artifact>
    <artifact classifier='osgi.bundle' id='org.eclipse.core.runtime.compatibility' version='3.2.0.v20071008'>
      <properties size='2'>
        <property name='artifact.size' value='91208'/>
        <property name='download.size' value='91208'/>
      </properties>
    </artifact>
    <artifact classifier='osgi.bundle' id='org.eclipse.ui.workbench.texteditor' version='3.4.1.r341_v20080827-1100'>
      <properties size='2'>
        <property name='artifact.size' value='573914'/>
        <property name='download.size' value='573914'/>
      </properties>
    </artifact>
    <artifact classifier='osgi.bundle' id='org.eclipse.team.ui' version='3.4.1.r34x_20080827'>
      <properties size='2'>
        <property name='artifact.size' value='1288548'/>
        <property name='download.size' value='1288548'/>
      </properties>
    </artifact>
    <artifact classifier='osgi.bundle' id='org.eclipse.help.ui' version='3.3.101.M20080715_34x'>
      <properties size='2'>
        <property name='artifact.size' value='470170'/>
        <property name='download.size' value='470170'/>
      </properties>
    </artifact>
    <artifact classifier='osgi.bundle' id='org.sat4j.core' version='2.0.0.v20080602'>
      <properties size='2'>
        <property name='artifact.size' value='171932'/>
        <property name='download.size' value='171932'/>
      </properties>
    </artifact>
    <artifact classifier='osgi.bundle' id='org.eclipse.equinox.p2.metadata.generator' version='1.0.1.R34x_v20080819'>
      <properties size='2'>
        <property name='artifact.size' value='167661'/>
        <property name='download.size' value='167664'/>
      </properties>
    </artifact>
    <artifact classifier='osgi.bundle' id='org.eclipse.debug.core' version='3.4.0.v20080612'>
      <properties size='2'>
        <property name='artifact.size' value='304430'/>
        <property name='download.size' value='304430'/>
      </properties>
    </artifact>
    <artifact classifier='osgi.bundle' id='org.eclipse.equinox.security' version='1.0.1.R34x_v20080721'>
      <properties size='2'>
        <property name='artifact.size' value='104720'/>
        <property name='download.size' value='104720'/>
      </properties>
    </artifact>
    <artifact classifier='osgi.bundle' id='org.eclipse.ui.views.properties.tabbed' version='3.4.1.M20080730-0800'>
      <properties size='2'>
        <property name='artifact.size' value='102525'/>
        <property name='download.size' value='102525'/>
      </properties>
    </artifact>
    <artifact classifier='osgi.bundle' id='org.eclipse.core.databinding.beans' version='1.1.1.M20080827-0800a'>
      <properties size='2'>
        <property name='artifact.size' value='60279'/>
        <property name='download.size' value='60279'/>
      </properties>
    </artifact>
    <artifact classifier='osgi.bundle' id='org.eclipse.equinox.frameworkadmin' version='1.0.2.R34x_v20080910'>
      <properties size='2'>
        <property name='artifact.size' value='34505'/>
        <property name='download.size' value='34505'/>
      </properties>
    </artifact>
    <artifact classifier='osgi.bundle' id='org.eclipse.core.filesystem.win32.x86' version='1.1.0.v20080604-1400'>
      <properties size='2'>
        <property name='artifact.size' value='16969'/>
        <property name='download.size' value='16969'/>
      </properties>
    </artifact>
    <artifact classifier='osgi.bundle' id='org.eclipse.help.base' version='3.3.101.M20080728_34x'>
      <properties size='2'>
        <property name='artifact.size' value='338606'/>
        <property name='download.size' value='338605'/>
      </properties>
    </artifact>
    <artifact classifier='osgi.bundle' id='org.eclipse.ltk.core.refactoring' version='3.4.1.r341_v20080716-0800'>
      <properties size='2'>
        <property name='artifact.size' value='319033'/>
        <property name='download.size' value='319033'/>
      </properties>
    </artifact>
    <artifact classifier='osgi.bundle' id='org.eclipse.platform' version='3.3.101.v200809111700'>
      <properties size='2'>
        <property name='artifact.size' value='4096'/>
        <property name='download.size' value='351164'/>
      </properties>
      <repositoryProperties size='1'>
        <property name='artifact.folder' value='true'/>
      </repositoryProperties>
    </artifact>
    <artifact classifier='osgi.bundle' id='org.eclipse.core.boot' version='3.1.100.v20080218'>
      <properties size='2'>
        <property name='artifact.size' value='5006'/>
        <property name='download.size' value='5006'/>
      </properties>
    </artifact>
    <artifact classifier='osgi.bundle' id='org.eclipse.search' version='3.4.1.r341_v20080813-0800'>
      <properties size='2'>
        <property name='artifact.size' value='463901'/>
        <property name='download.size' value='463901'/>
      </properties>
    </artifact>
    <artifact classifier='osgi.bundle' id='org.eclipse.core.runtime' version='3.4.0.v20080512'>
      <properties size='2'>
        <property name='artifact.size' value='69019'/>
        <property name='download.size' value='69019'/>
      </properties>
    </artifact>
    <artifact classifier='osgi.bundle' id='org.eclipse.osgi.util' version='3.1.300.v20080303'>
      <properties size='2'>
        <property name='artifact.size' value='22755'/>
        <property name='download.size' value='22755'/>
      </properties>
    </artifact>
    <artifact classifier='osgi.bundle' id='org.eclipse.equinox.p2.ui.sdk' version='1.0.1.R34x_v20080818'>
      <properties size='2'>
        <property name='artifact.size' value='128863'/>
        <property name='download.size' value='128863'/>
      </properties>
    </artifact>
    <artifact classifier='osgi.bundle' id='org.eclipse.help.appserver' version='3.1.300.v20080507'>
      <properties size='2'>
        <property name='artifact.size' value='17060'/>
        <property name='download.size' value='17060'/>
      </properties>
    </artifact>
    <artifact classifier='osgi.bundle' id='org.eclipse.ui.externaltools' version='3.2.0.v20080514-1542'>
      <properties size='2'>
        <property name='artifact.size' value='152897'/>
        <property name='download.size' value='152897'/>
      </properties>
    </artifact>
    <artifact classifier='osgi.bundle' id='org.eclipse.core.resources.win32.x86' version='3.4.0.v20071204'>
      <properties size='2'>
        <property name='artifact.size' value='15749'/>
        <property name='download.size' value='15749'/>
      </properties>
    </artifact>
    <artifact classifier='osgi.bundle' id='org.eclipse.jsch.ui' version='1.1.100.I20080415'>
      <properties size='2'>
        <property name='artifact.size' value='82634'/>
        <property name='download.size' value='82634'/>
      </properties>
    </artifact>
    <artifact classifier='osgi.bundle' id='org.apache.jasper' version='5.5.17.v200806031609'>
      <properties size='2'>
        <property name='artifact.size' value='1721091'/>
        <property name='download.size' value='1721091'/>
      </properties>
    </artifact>
    <artifact classifier='osgi.bundle' id='org.eclipse.equinox.p2.metadata' version='1.0.0.v20080514-1900'>
      <properties size='2'>
        <property name='artifact.size' value='44146'/>
        <property name='download.size' value='44146'/>
      </properties>
    </artifact>
    <artifact classifier='osgi.bundle' id='org.apache.commons.el' version='1.0.0.v200806031608'>
      <properties size='2'>
        <property name='artifact.size' value='127498'/>
        <property name='download.size' value='127498'/>
      </properties>
    </artifact>
    <artifact classifier='osgi.bundle' id='org.eclipse.equinox.launcher.win32.win32.x86' version='1.0.101.R34x_v20080731'>
      <properties size='2'>
        <property name='artifact.size' value='4096'/>
        <property name='download.size' value='32110'/>
      </properties>
      <repositoryProperties size='1'>
        <property name='artifact.folder' value='true'/>
      </repositoryProperties>
    </artifact>
    <artifact classifier='osgi.bundle' id='org.eclipse.equinox.http.jetty' version='1.1.0.v20080425'>
      <properties size='2'>
        <property name='artifact.size' value='21444'/>
        <property name='download.size' value='21444'/>
      </properties>
    </artifact>
    <artifact classifier='osgi.bundle' id='org.eclipse.ui.cheatsheets' version='3.3.101.v20080702_34x'>
      <properties size='2'>
        <property name='artifact.size' value='327888'/>
        <property name='download.size' value='327888'/>
      </properties>
    </artifact>
    <artifact classifier='osgi.bundle' id='org.eclipse.equinox.jsp.jasper.registry' version='1.0.0.v20080427-0830'>
      <properties size='2'>
        <property name='artifact.size' value='9865'/>
        <property name='download.size' value='9865'/>
      </properties>
    </artifact>
    <artifact classifier='osgi.bundle' id='org.eclipse.jface' version='3.4.1.M20080827-2000'>
      <properties size='2'>
        <property name='artifact.size' value='1040433'/>
        <property name='download.size' value='1040433'/>
      </properties>
    </artifact>
    <artifact classifier='osgi.bundle' id='org.eclipse.core.net' version='1.1.0.I20080604'>
      <properties size='2'>
        <property name='artifact.size' value='55332'/>
        <property name='download.size' value='55332'/>
      </properties>
    </artifact>
    <artifact classifier='osgi.bundle' id='org.eclipse.core.jobs' version='3.4.0.v20080512'>
      <properties size='2'>
        <property name='artifact.size' value='82491'/>
        <property name='download.size' value='82491'/>
      </properties>
    </artifact>
    <artifact classifier='osgi.bundle' id='org.eclipse.equinox.p2.updatechecker' version='1.0.0.v20080427-2136'>
      <properties size='2'>
        <property name='artifact.size' value='14671'/>
        <property name='download.size' value='14671'/>
      </properties>
    </artifact>
    <artifact classifier='osgi.bundle' id='com.jcraft.jsch' version='0.1.37.v200803061811'>
      <properties size='2'>
        <property name='artifact.size' value='214540'/>
        <property name='download.size' value='214540'/>
      </properties>
    </artifact>
    <artifact classifier='osgi.bundle' id='org.apache.ant' version='1.7.0.v200803061910'>
      <properties size='2'>
        <property name='artifact.size' value='4096'/>
        <property name='download.size' value='1978310'/>
      </properties>
      <repositoryProperties size='1'>
        <property name='artifact.folder' value='true'/>
      </repositoryProperties>
    </artifact>
    <artifact classifier='osgi.bundle' id='org.eclipse.equinox.p2.engine' version='1.0.1.R34x_v20080827'>
      <properties size='2'>
        <property name='artifact.size' value='124005'/>
        <property name='download.size' value='124005'/>
      </properties>
    </artifact>
    <artifact classifier='osgi.bundle' id='org.eclipse.equinox.p2.metadata.repository' version='1.0.0.v20080604'>
      <properties size='2'>
        <property name='artifact.size' value='114949'/>
        <property name='download.size' value='114949'/>
      </properties>
    </artifact>
    <artifact classifier='osgi.bundle' id='org.eclipse.osgi' version='3.4.2.R34x_v20080826-1230'>
      <properties size='2'>
        <property name='artifact.size' value='997883'/>
        <property name='download.size' value='997883'/>
      </properties>
    </artifact>
    <artifact classifier='osgi.bundle' id='org.eclipse.core.variables' version='3.2.100.v20080529-1300'>
      <properties size='2'>
        <property name='artifact.size' value='31172'/>
        <property name='download.size' value='31172'/>
      </properties>
    </artifact>
    <artifact classifier='org.eclipse.update.feature' id='org.eclipse.help' version='1.0.1.R34x_v20080827-7r7xEIxEI6Zu5nEqN7M3UBpglaat'>
      <properties size='2'>
        <property name='artifact.size' value='4096'/>
        <property name='download.size' value='28193'/>
      </properties>
      <repositoryProperties size='1'>
        <property name='artifact.folder' value='true'/>
      </repositoryProperties>
    </artifact>
    <artifact classifier='osgi.bundle' id='org.eclipse.ecf.provider.filetransfer' version='2.0.0.v20080611-1715'>
      <properties size='2'>
        <property name='artifact.size' value='95195'/>
        <property name='download.size' value='95195'/>
      </properties>
    </artifact>
    <artifact classifier='osgi.bundle' id='org.eclipse.core.net.win32.x86' version='1.0.0.I20080521'>
      <properties size='2'>
        <property name='artifact.size' value='28448'/>
        <property name='download.size' value='28448'/>
      </properties>
    </artifact>
    <artifact classifier='osgi.bundle' id='org.eclipse.ui' version='3.4.1.M20080910-0800'>
      <properties size='2'>
        <property name='artifact.size' value='145322'/>
        <property name='download.size' value='145322'/>
      </properties>
    </artifact>
    <artifact classifier='osgi.bundle' id='org.eclipse.equinox.p2.director' version='1.0.2.v20080806-1619'>
      <properties size='2'>
        <property name='artifact.size' value='98359'/>
        <property name='download.size' value='98359'/>
      </properties>
    </artifact>
    <artifact classifier='osgi.bundle' id='org.eclipse.equinox.p2.extensionlocation' version='1.0.2.R34x_v20080825'>
      <properties size='2'>
        <property name='artifact.size' value='27584'/>
        <property name='download.size' value='27584'/>
      </properties>
    </artifact>
    <artifact classifier='osgi.bundle' id='org.eclipse.ui.intro' version='3.2.201.v20080702_34x'>
      <properties size='2'>
        <property name='artifact.size' value='278027'/>
        <property name='download.size' value='278027'/>
      </properties>
    </artifact>
    <artifact classifier='osgi.bundle' id='org.eclipse.equinox.p2.core' version='1.0.0.v20080530-1237'>
      <properties size='2'>
        <property name='artifact.size' value='77360'/>
        <property name='download.size' value='77360'/>
      </properties>
    </artifact>
    <artifact classifier='osgi.bundle' id='org.eclipse.update.scheduler' version='3.2.100.v20080404'>
      <properties size='2'>
        <property name='artifact.size' value='30735'/>
        <property name='download.size' value='30735'/>
      </properties>
    </artifact>
    <artifact classifier='osgi.bundle' id='org.eclipse.ui.editors' version='3.4.0.v20080603-2000'>
      <properties size='2'>
        <property name='artifact.size' value='549393'/>
        <property name='download.size' value='549393'/>
      </properties>
    </artifact>
    <artifact classifier='osgi.bundle' id='org.eclipse.core.resources.compatibility' version='3.4.0.v20080604-1400'>
      <properties size='2'>
        <property name='artifact.size' value='120997'/>
        <property name='download.size' value='120997'/>
      </properties>
    </artifact>
    <artifact classifier='osgi.bundle' id='org.eclipse.equinox.p2.jarprocessor' version='1.0.0.v20080514-1900'>
      <properties size='2'>
        <property name='artifact.size' value='47401'/>
        <property name='download.size' value='47401'/>
      </properties>
    </artifact>
    <artifact classifier='osgi.bundle' id='org.eclipse.equinox.simpleconfigurator' version='1.0.0.v20080604'>
      <properties size='2'>
        <property name='artifact.size' value='34113'/>
        <property name='download.size' value='34113'/>
      </properties>
    </artifact>
    <artifact classifier='osgi.bundle' id='org.eclipse.ui.navigator' version='3.3.101.M20080827-0800'>
      <properties size='2'>
        <property name='artifact.size' value='319773'/>
        <property name='download.size' value='319773'/>
      </properties>
    </artifact>
    <artifact classifier='osgi.bundle' id='org.eclipse.core.contenttype' version='3.3.0.v20080604-1400'>
      <properties size='2'>
        <property name='artifact.size' value='86969'/>
        <property name='download.size' value='86969'/>
      </properties>
    </artifact>
    <artifact classifier='osgi.bundle' id='org.eclipse.equinox.launcher' version='1.0.101.R34x_v20080819'>
      <properties size='2'>
        <property name='artifact.size' value='43682'/>
        <property name='download.size' value='43682'/>
      </properties>
    </artifact>
    <artifact classifier='osgi.bundle' id='org.eclipse.ui.presentations.r21' version='3.2.100.I20080512-2000'>
      <properties size='2'>
        <property name='artifact.size' value='98152'/>
        <property name='download.size' value='98152'/>
      </properties>
    </artifact>
    <artifact classifier='osgi.bundle' id='org.eclipse.equinox.security.win32.x86' version='1.0.0.v20080529-1600'>
      <properties size='2'>
        <property name='artifact.size' value='21776'/>
        <property name='download.size' value='21776'/>
      </properties>
    </artifact>
    <artifact classifier='osgi.bundle' id='org.eclipse.jface.databinding' version='1.2.1.M20080827-0800a'>
      <properties size='2'>
        <property name='artifact.size' value='196505'/>
        <property name='download.size' value='196505'/>
      </properties>
    </artifact>
    <artifact classifier='osgi.bundle' id='org.apache.lucene.analysis' version='1.9.1.v20080530-1600'>
      <properties size='2'>
        <property name='artifact.size' value='70362'/>
        <property name='download.size' value='70362'/>
      </properties>
    </artifact>
    <artifact classifier='osgi.bundle' id='org.eclipse.equinox.http.servlet' version='1.0.100.v20080427-0830'>
      <properties size='2'>
        <property name='artifact.size' value='34776'/>
        <property name='download.size' value='34776'/>
      </properties>
    </artifact>
    <artifact classifier='osgi.bundle' id='org.eclipse.ecf.filetransfer' version='2.0.0.v20080611-1715'>
      <properties size='2'>
        <property name='artifact.size' value='42466'/>
        <property name='download.size' value='42466'/>
      </properties>
    </artifact>
    <artifact classifier='osgi.bundle' id='org.eclipse.team.core' version='3.4.1.r34x_20080827'>
      <properties size='2'>
        <property name='artifact.size' value='384098'/>
        <property name='download.size' value='384098'/>
      </properties>
    </artifact>
    <artifact classifier='org.eclipse.update.feature' id='org.eclipse.platform' version='3.4.1.r341_v20080731-9I96EiDElYevwz-p1bP5z-NlAaP7vtX6Utotqsu'>
      <properties size='2'>
        <property name='artifact.size' value='4096'/>
        <property name='download.size' value='28989'/>
      </properties>
      <repositoryProperties size='1'>
        <property name='artifact.folder' value='true'/>
      </repositoryProperties>
    </artifact>
    <artifact classifier='osgi.bundle' id='org.eclipse.ecf.identity' version='2.0.0.v20080611-1715'>
      <properties size='2'>
        <property name='artifact.size' value='50131'/>
        <property name='download.size' value='50131'/>
      </properties>
    </artifact>
    <artifact classifier='osgi.bundle' id='org.eclipse.osgi.services' version='3.1.200.v20071203'>
      <properties size='2'>
        <property name='artifact.size' value='63665'/>
        <property name='download.size' value='63665'/>
      </properties>
    </artifact>
    <artifact classifier='osgi.bundle' id='org.eclipse.core.runtime.compatibility.registry' version='3.2.200.v20080610'>
      <properties size='2'>
        <property name='artifact.size' value='4096'/>
        <property name='download.size' value='14022'/>
      </properties>
      <repositoryProperties size='1'>
        <property name='artifact.folder' value='true'/>
      </repositoryProperties>
    </artifact>
    <artifact classifier='osgi.bundle' id='org.eclipse.compare' version='3.4.0.I20080604'>
      <properties size='2'>
        <property name='artifact.size' value='690151'/>
        <property name='download.size' value='690151'/>
      </properties>
    </artifact>
    <artifact classifier='osgi.bundle' id='org.eclipse.debug.ui' version='3.4.1.v20080811_r341'>
      <properties size='2'>
        <property name='artifact.size' value='2268393'/>
        <property name='download.size' value='2268393'/>
      </properties>
    </artifact>
    <artifact classifier='osgi.bundle' id='org.eclipse.equinox.app' version='1.1.0.v20080421-2006'>
      <properties size='2'>
        <property name='artifact.size' value='79866'/>
        <property name='download.size' value='79866'/>
      </properties>
    </artifact>
    <artifact classifier='osgi.bundle' id='com.ibm.icu' version='3.8.1.v20080530'>
      <properties size='2'>
        <property name='artifact.size' value='4467363'/>
        <property name='download.size' value='4467363'/>
      </properties>
    </artifact>
    <artifact classifier='osgi.bundle' id='org.eclipse.jsch.core' version='1.1.100.I20080604'>
      <properties size='2'>
        <property name='artifact.size' value='33473'/>
        <property name='download.size' value='33473'/>
      </properties>
    </artifact>
    <artifact classifier='osgi.bundle' id='org.eclipse.ui.ide' version='3.4.1.M20080903-2000'>
      <properties size='2'>
        <property name='artifact.size' value='2035334'/>
        <property name='download.size' value='2035334'/>
      </properties>
    </artifact>
    <artifact classifier='osgi.bundle' id='org.eclipse.ui.browser' version='3.2.201.v20080708_34x'>
      <properties size='2'>
        <property name='artifact.size' value='185761'/>
        <property name='download.size' value='185761'/>
      </properties>
    </artifact>
    <artifact classifier='osgi.bundle' id='org.eclipse.equinox.p2.touchpoint.natives' version='1.0.0.v20080505-1850'>
      <properties size='2'>
        <property name='artifact.size' value='30322'/>
        <property name='download.size' value='30322'/>
      </properties>
    </artifact>
    <artifact classifier='org.eclipse.update.feature' id='org.eclipse.rcp' version='3.4.100.r341_v20080814-989JESIEdAciFYfkZZsBfSwQ2341'>
      <properties size='2'>
        <property name='artifact.size' value='4096'/>
        <property name='download.size' value='28634'/>
      </properties>
      <repositoryProperties size='1'>
        <property name='artifact.folder' value='true'/>
      </repositoryProperties>
    </artifact>
    <artifact classifier='osgi.bundle' id='org.eclipse.equinox.http.registry' version='1.0.100.v20080427-0830'>
      <properties size='2'>
        <property name='artifact.size' value='36082'/>
        <property name='download.size' value='36082'/>
      </properties>
    </artifact>
    <artifact classifier='osgi.bundle' id='org.eclipse.equinox.simpleconfigurator.manipulator' version='1.0.2.R34x_v20080911'>
      <properties size='2'>
        <property name='artifact.size' value='20059'/>
        <property name='download.size' value='20059'/>
      </properties>
    </artifact>
    <artifact classifier='osgi.bundle' id='org.eclipse.core.filebuffers' version='3.4.0.v20080603-2000'>
      <properties size='2'>
        <property name='artifact.size' value='112005'/>
        <property name='download.size' value='112005'/>
      </properties>
    </artifact>
    <artifact classifier='osgi.bundle' id='org.eclipse.ecf' version='2.0.0.v20080611-1715'>
      <properties size='2'>
        <property name='artifact.size' value='80247'/>
        <property name='download.size' value='80247'/>
      </properties>
    </artifact>
    <artifact classifier='osgi.bundle' id='org.eclipse.equinox.security.ui' version='1.0.0.v20080603-1810'>
      <properties size='2'>
        <property name='artifact.size' value='212878'/>
        <property name='download.size' value='212878'/>
      </properties>
    </artifact>
    <artifact classifier='osgi.bundle' id='org.eclipse.core.runtime.compatibility.auth' version='3.2.100.v20070502'>
      <properties size='2'>
        <property name='artifact.size' value='21215'/>
        <property name='download.size' value='21215'/>
      </properties>
    </artifact>
    <artifact classifier='osgi.bundle' id='javax.servlet' version='2.4.0.v200806031604'>
      <properties size='2'>
        <property name='artifact.size' value='107637'/>
        <property name='download.size' value='107637'/>
      </properties>
    </artifact>
    <artifact classifier='osgi.bundle' id='org.eclipse.equinox.p2.directorywatcher' version='1.0.2.v20080806-1619'>
      <properties size='2'>
        <property name='artifact.size' value='22589'/>
        <property name='download.size' value='22589'/>
      </properties>
    </artifact>
    <artifact classifier='osgi.bundle' id='org.apache.lucene' version='1.9.1.v20080530-1600'>
      <properties size='2'>
        <property name='artifact.size' value='444157'/>
        <property name='download.size' value='444157'/>
      </properties>
    </artifact>
    <artifact classifier='osgi.bundle' id='org.eclipse.core.filesystem' version='1.2.0.v20080604-1400'>
      <properties size='2'>
        <property name='artifact.size' value='44111'/>
        <property name='download.size' value='44111'/>
      </properties>
    </artifact>
    <artifact classifier='osgi.bundle' id='org.eclipse.ui.views' version='3.3.0.I20080509-2000'>
      <properties size='2'>
        <property name='artifact.size' value='79449'/>
        <property name='download.size' value='79449'/>
      </properties>
    </artifact>
    <artifact classifier='osgi.bundle' id='org.eclipse.help.webapp' version='3.3.101.M20080805_34x'>
      <properties size='2'>
        <property name='artifact.size' value='441768'/>
        <property name='download.size' value='441768'/>
      </properties>
    </artifact>
    <artifact classifier='osgi.bundle' id='org.mortbay.jetty' version='5.1.14.v200806031611'>
      <properties size='2'>
        <property name='artifact.size' value='703180'/>
        <property name='download.size' value='703180'/>
      </properties>
    </artifact>
    <artifact classifier='osgi.bundle' id='org.apache.commons.logging' version='1.0.4.v20080605-1930'>
      <properties size='2'>
        <property name='artifact.size' value='43919'/>
        <property name='download.size' value='43919'/>
      </properties>
    </artifact>
    <artifact classifier='osgi.bundle' id='org.eclipse.equinox.p2.artifact.repository' version='1.0.2.R34x_v20080808-1156'>
      <properties size='2'>
        <property name='artifact.size' value='124527'/>
        <property name='download.size' value='124527'/>
      </properties>
    </artifact>
    <artifact classifier='org.eclipse.update.feature' id='org.eclipse.equinox.p2.user.ui' version='1.0.1.r34x_v20080721-7d-7OEMsLAz-vTBJ-ZHQaF155CE'>
      <properties size='2'>
        <property name='artifact.size' value='4096'/>
        <property name='download.size' value='28096'/>
      </properties>
      <repositoryProperties size='1'>
        <property name='artifact.folder' value='true'/>
      </repositoryProperties>
    </artifact>
    <artifact classifier='osgi.bundle' id='org.eclipse.ui.win32' version='3.2.100.v20080408-0800'>
      <properties size='2'>
        <property name='artifact.size' value='23390'/>
        <property name='download.size' value='23390'/>
      </properties>
    </artifact>
  </artifacts>
</repository>
