<?xml version="1.0" encoding="UTF-8"?>
<config transient="false">
	<site policy="USER-EXCLUDE" enabled="true" url="platform:/base/" updateable="true">
		<feature url="features/org.eclipse.platform_3.4.1.r341_v20080731-9I96EiDElYevwz-p1bP5z-NlAaP7vtX6Utotqsu/" id="org.eclipse.platform" version="3.4.1.r341_v20080731-9I96EiDElYevwz-p1bP5z-NlAaP7vtX6Utotqsu">
		</feature>
		<feature url="features/org.eclipse.rcp_3.4.100.r341_v20080814-989JESIEdAciFYfkZZsBfSwQ2341/" id="org.eclipse.rcp" version="3.4.100.r341_v20080814-989JESIEdAciFYfkZZsBfSwQ2341">
		</feature>
		<feature plugin-identifier="org.eclipse.help.base" url="features/org.eclipse.help_1.0.1.R34x_v20080827-7r7xEIxEI6Zu5nEqN7M3UBpglaat/" id="org.eclipse.help" version="1.0.1.R34x_v20080827-7r7xEIxEI6Zu5nEqN7M3UBpglaat">
		</feature>
		<feature url="features/org.eclipse.equinox.p2.user.ui_1.0.1.r34x_v20080721-7d-7OEMsLAz-vTBJ-ZHQaF155CE/" id="org.eclipse.equinox.p2.user.ui" version="1.0.1.r34x_v20080721-7d-7OEMsLAz-vTBJ-ZHQaF155CE">
		</feature>
	</site>
</config>
