<?xml version="1.0" encoding="UTF-8"?>
<config transient="false">
	<site enabled="true" updateable="true" policy="USER-EXCLUDE" url="platform:/base/">
		<feature id="org.eclipse.emf.ecore.sdo.editor" url="features/org.eclipse.emf.ecore.sdo.editor_2.4.0.v200808251517/" version="2.4.0.v200808251517">
		</feature>
		<feature id="org.eclipse.rcp" url="features/org.eclipse.rcp_3.4.100.r341_v20080814-989JESIEdAciFYfkZZsBfSwQ2341/" version="3.4.100.r341_v20080814-989JESIEdAciFYfkZZsBfSwQ2341">
		</feature>
		<feature id="org.eclipse.epf.richtext.feature.nlsBidi" plugin-identifier="org.eclipse.epf.richtext" url="features/org.eclipse.epf.richtext.feature.nlsBidi_1.5.0.v20080825-1652-11-7w3119193903336/" version="1.5.0.v20080825-1652-11-7w3119193903336">
		</feature>
		<feature id="org.eclipse.platform" url="features/org.eclipse.platform_3.4.1.r341_v20080731-9I96EiDElYevwz-p1bP5z-NlAaP7vtX6Utotqsu/" version="3.4.1.r341_v20080731-9I96EiDElYevwz-p1bP5z-NlAaP7vtX6Utotqsu">
		</feature>
		<feature id="org.eclipse.draw2d" url="features/org.eclipse.draw2d_3.4.1.v20080806-3307w31191_2102462/" version="3.4.1.v20080806-3307w31191_2102462">
		</feature>
		<feature id="org.eclipse.epf.richtext.feature" plugin-identifier="org.eclipse.epf.richtext" url="features/org.eclipse.epf.richtext.feature_1.5.0.v20080820-1636-37D-9oA55S7D8HC8_5J/" version="1.5.0.v20080820-1636-37D-9oA55S7D8HC8_5J">
		</feature>
		<feature id="org.eclipse.epf.richtext.feature.nls2a" plugin-identifier="org.eclipse.epf.richtext" url="features/org.eclipse.epf.richtext.feature.nls2a_1.5.0.v20080825-1652-11-7w3119193903336/" version="1.5.0.v20080825-1652-11-7w3119193903336">
		</feature>
		<feature id="org.eclipse.emf.ecore.sdo" url="features/org.eclipse.emf.ecore.sdo_2.4.0.v200808251517/" version="2.4.0.v200808251517">
		</feature>
		<feature id="org.eclipse.epf.richtext.feature.nls2" plugin-identifier="org.eclipse.epf.richtext" url="features/org.eclipse.epf.richtext.feature.nls2_1.5.0.v20080825-1652-11-7w3119193903336/" version="1.5.0.v20080825-1652-11-7w3119193903336">
		</feature>
		<feature id="org.eclipse.emf.ecore.sdo.edit" url="features/org.eclipse.emf.ecore.sdo.edit_2.4.0.v200808251517/" version="2.4.0.v200808251517">
		</feature>
		<feature id="org.eclipse.epf.richtext.feature.nls1" plugin-identifier="org.eclipse.epf.richtext" url="features/org.eclipse.epf.richtext.feature.nls1_1.5.0.v20080825-1652-11-7w3119193903336/" version="1.5.0.v20080825-1652-11-7w3119193903336">
		</feature>
		<feature id="com.nokia.tools.homescreen.commandline.feature" url="features/com.nokia.tools.homescreen.commandline.feature_1.0.0/" version="1.0.0">
		</feature>
		<feature id="org.eclipse.epf.richtext.win32.feature" plugin-identifier="org.eclipse.epf.richtext" url="features/org.eclipse.epf.richtext.win32.feature_1.5.0.v20080820-1636-14-7w3119123502722/" version="1.5.0.v20080820-1636-14-7w3119123502722">
		</feature>
		<feature id="org.eclipse.help" plugin-identifier="org.eclipse.help.base" url="features/org.eclipse.help_1.0.1.R34x_v20080827-7r7xEIxEI6Zu5nEqN7M3UBpglaat/" version="1.0.1.R34x_v20080827-7r7xEIxEI6Zu5nEqN7M3UBpglaat">
		</feature>
		<feature id="org.eclipse.equinox.p2.user.ui" url="features/org.eclipse.equinox.p2.user.ui_1.0.1.r34x_v20080721-7d-7OEMsLAz-vTBJ-ZHQaF155CE/" version="1.0.1.r34x_v20080721-7d-7OEMsLAz-vTBJ-ZHQaF155CE">
		</feature>
		<feature id="org.eclipse.gef" url="features/org.eclipse.gef_3.4.1.v20080806-67718083A56B4H2A3213573/" version="3.4.1.v20080806-67718083A56B4H2A3213573">
		</feature>
	</site>
</config>
