<?xml version="1.0" encoding="UTF-8"?>
<LPROJ>
<LangID>1</LangID>
<LangDir>en</LangDir>

<LangID>2</LangID>
<LangDir>fr</LangDir>

<LangID>3</LangID>
<LangDir>de</LangDir>

<LangID>4</LangID>
<LangDir>es</LangDir>

<LangID>5</LangID>
<LangDir>it</LangDir>

<LangID>6</LangID>
<LangDir>sv</LangDir>

<LangID>7</LangID>
<LangDir>da</LangDir>

<LangID>8</LangID>
<LangDir>no</LangDir>

<LangID>9</LangID>
<LangDir>fi</LangDir>

<LangID>10</LangID>
<LangDir>en-US</LangDir>

<LangID>11</LangID>
<LangDir>fr-CH</LangDir>

<LangID>12</LangID>
<LangDir>ge-CH</LangDir>

<LangID>13</LangID>
<LangDir>pt</LangDir>

<LangID>14</LangID>
<LangDir>tr</LangDir>

<LangID>15</LangID>
<LangDir>is</LangDir>

<LangID>16</LangID>
<LangDir>ru</LangDir>

<LangID>17</LangID>
<LangDir>hu</LangDir>

<LangID>18</LangID>
<LangDir>nl</LangDir>

<LangID>20</LangID>
<LangDir>en-AU</LangDir>

<LangID>25</LangID>
<LangDir>cs</LangDir>

<LangID>26</LangID>
<LangDir>sk</LangDir>

<LangID>27</LangID>
<LangDir>pl</LangDir>

<LangID>28</LangID>
<LangDir>sl</LangDir>

<LangID>29</LangID>
<LangDir>zh-Hant</LangDir>

<LangID>30</LangID>
<LangDir>zh-Hant</LangDir>

<LangID>31</LangID>
<LangDir>zh-Hans</LangDir>

<LangID>32</LangID>
<LangDir>ja</LangDir>

<LangID>33</LangID>
<LangDir>th</LangDir>

<LangID>37</LangID>
<LangDir>ar</LangDir>

<LangID>39</LangID>
<LangDir>tl</LangDir>

<LangID>42</LangID>
<LangDir>bg</LangDir>

<LangID>44</LangID>
<LangDir>ca</LangDir>

<LangID>45</LangID>
<LangDir>hr</LangDir>

<LangID>46</LangID>
<LangDir>en-CA</LangDir>

<LangID>49</LangID>
<LangDir>et</LangDir>

<LangID>50</LangID>
<LangDir>fa</LangDir>

<LangID>51</LangID>
<LangDir>fr-CA</LangDir>

<LangID>54</LangID>
<LangDir>el</LangDir>

<LangID>57</LangID>
<LangDir>he</LangDir>

<LangID>58</LangID>
<LangDir>hi</LangDir>

<LangID>59</LangID>
<LangDir>id</LangDir>

<LangID>65</LangID>
<LangDir>ko</LangDir>

<LangID>67</LangID>
<LangDir>lv</LangDir>

<LangID>68</LangID>
<LangDir>lt</LangDir>

<LangID>70</LangID>
<LangDir>ms</LangDir>

<LangID>71</LangID>
<LangDir>ml</LangDir>

<LangID>76</LangID>
<LangDir>pt-BR</LangDir>

<LangID>78</LangID>
<LangDir>ro</LangDir>

<LangID>79</LangID>
<LangDir>sr</LangDir>

<LangID>82</LangID>
<LangDir>es</LangDir>

<LangID>83</LangID>
<LangDir>es-419</LangDir>

<LangID>93</LangID>
<LangDir>uk</LangDir>

<LangID>94</LangID>
<LangDir>ur</LangDir>

<LangID>96</LangID>
<LangDir>vi</LangDir>

<LangID>102</LangID>
<LangDir>eu</LangDir>

<LangID>103</LangID>
<LangDir>gl</LangDir>

<LangID>129</LangID>
<LangDir>en-APAC</LangDir>

<LangID>157</LangID>
<LangDir>en-TW</LangDir>

<LangID>158</LangID>
<LangDir>en-HK</LangDir>

<LangID>159</LangID>
<LangDir>en-CN</LangDir>

<LangID>160</LangID>
<LangDir>en-JP</LangDir>

<LangID>161</LangID>
<LangDir>en-TH</LangDir>

<LangID>230</LangID>
<LangDir>en-IN</LangDir>

<LangID>326</LangID>
<LangDir>ms-APAC</LangDir>

<LangID>327</LangID>
<LangDir>id-APAC</LangDir>
</LPROJ>