<?xml version="1.0" encoding="UTF-8"?>
<feature
      id="org.eclipse.platform"
      label="%featureName"
      version="3.4.1.r341_v20080731-9I96EiDElYevwz-p1bP5z-NlAaP7vtX6Utotqsu"
      provider-name="%providerName"
      image="eclipse_update_120.jpg">

   <description>
      %description
   </description>

   <copyright>
      %copyright
   </copyright>

   <license url="%licenseURL">
      %license
   </license>

   <url>
      <update label="%updateSiteName" url="http://download.eclipse.org/eclipse/updates/3.4"/>
      <discovery label="%updateSiteName" url="http://download.eclipse.org/eclipse/updates/3.4"/>
      <discovery label="%secondaryUpdateSiteName" url="http://download.eclipse.org/releases/ganymede"/>
   </url>

   <includes
         id="org.eclipse.help"
         version="1.0.1.R34x_v20080827-7r7xEIxEI6Zu5nEqN7M3UBpglaat"/>

   <includes
         id="org.eclipse.equinox.p2.user.ui"
         version="1.0.1.r34x_v20080721-7d-7OEMsLAz-vTBJ-ZHQaF155CE"
         optional="true"/>

   <plugin
         id="com.jcraft.jsch"
         download-size="0"
         install-size="0"
         version="0.1.37.v200803061811"
         unpack="false"/>

   <plugin
         id="org.eclipse.compare"
         download-size="0"
         install-size="0"
         version="3.4.0.I20080604"
         unpack="false"/>

   <plugin
         id="org.eclipse.core.boot"
         download-size="0"
         install-size="0"
         version="3.1.100.v20080218"
         unpack="false"/>

   <plugin
         id="org.eclipse.core.filebuffers"
         download-size="0"
         install-size="0"
         version="3.4.0.v20080603-2000"
         unpack="false"/>

   <plugin
         id="org.eclipse.core.filesystem"
         download-size="0"
         install-size="0"
         version="1.2.0.v20080604-1400"
         unpack="false"/>

   <plugin
         id="org.eclipse.core.net"       
         download-size="0"
         install-size="0"
         version="1.1.0.I20080604"
         unpack="false"/>
         
   <plugin
         id="org.eclipse.core.net.win32.x86"
         os="win32"
         arch="x86"
         download-size="0"
         install-size="0"
         version="1.0.0.I20080521"
         fragment="true"
         unpack="false"/>
         
    <plugin
         id="org.eclipse.core.net.linux.x86"
         os="linux"
         arch="x86"
         download-size="0"
         install-size="0"
         version="1.0.0.I20080521"
         fragment="true"
         unpack="false"/>

   <plugin
         id="org.eclipse.core.resources"
         download-size="0"
         install-size="0"
         version="3.4.1.R34x_v20080902"
         unpack="false"/>

   <plugin
         id="org.eclipse.core.resources.compatibility"
         download-size="0"
         install-size="0"
         version="3.4.0.v20080604-1400"
         fragment="true"
         unpack="false"/>

   <plugin
         id="org.eclipse.osgi.util"
         download-size="0"
         install-size="0"
         version="3.1.300.v20080303"
         unpack="false"/>

   <plugin
         id="org.eclipse.debug.core"
         download-size="0"
         install-size="0"
         version="3.4.0.v20080612"
         unpack="false"/>

   <plugin
         id="org.eclipse.debug.ui"
         download-size="0"
         install-size="0"
         version="3.4.1.v20080811_r341"
         unpack="false"/>

   <plugin
         id="org.eclipse.help.appserver"
         download-size="0"
         install-size="0"
         version="3.1.300.v20080507"
         unpack="false"/>

   <plugin
         id="org.eclipse.ltk.core.refactoring"
         download-size="0"
         install-size="0"
         version="3.4.1.r341_v20080716-0800"
         unpack="false"/>

   <plugin
         id="org.eclipse.ltk.ui.refactoring"
         download-size="0"
         install-size="0"
         version="3.4.1.r341_v20080716-0800"
         unpack="false"/>

   <plugin
         id="org.eclipse.platform"
         download-size="0"
         install-size="0"
         version="3.3.101.v200809111700"/>

   <plugin
         id="org.eclipse.platform.doc.user"
         download-size="0"
         install-size="0"
         version="3.4.1.r341_v20080808-0800"
         unpack="false"/>

   <plugin
         id="org.eclipse.search"
         download-size="0"
         install-size="0"
         version="3.4.1.r341_v20080813-0800"
         unpack="false"/>

   <plugin
         id="org.eclipse.team.core"
         download-size="0"
         install-size="0"
         version="3.4.1.r34x_20080827"
         unpack="false"/>

   <plugin
         id="org.eclipse.team.ui"
         download-size="0"
         install-size="0"
         version="3.4.1.r34x_20080827"
         unpack="false"/>

   <plugin
         id="org.eclipse.text"
         download-size="0"
         install-size="0"
         version="3.4.0.v20080605-1800"
         unpack="false"/>

   <plugin
         id="org.eclipse.jface.text"
         download-size="0"
         install-size="0"
         version="3.4.1.r341_v20080827-1100"
         unpack="false"/>

   <plugin
         id="org.eclipse.jsch.core"
         download-size="0"
         install-size="0"
         version="1.1.100.I20080604"
         unpack="false"/>

   <plugin
         id="org.eclipse.jsch.ui"
         download-size="0"
         install-size="0"
         version="1.1.100.I20080415"
         unpack="false"/>

   <plugin
         id="org.eclipse.ui.console"
         download-size="0"
         install-size="0"
         version="3.3.0.v20080529-1300"
         unpack="false"/>

   <plugin
         id="org.eclipse.ui.presentations.r21"
         download-size="0"
         install-size="0"
         version="3.2.100.I20080512-2000"
         unpack="false"/>

   <plugin
         id="org.eclipse.ui.intro"
         download-size="0"
         install-size="0"
         version="3.2.201.v20080702_34x"
         unpack="false"/>

   <plugin
         id="org.eclipse.ui.intro.universal"
         download-size="0"
         install-size="0"
         version="3.2.200.v20080508"/>

   <plugin
         id="org.eclipse.ui.cheatsheets"
         download-size="0"
         install-size="0"
         version="3.3.101.v20080702_34x"
         unpack="false"/>

   <plugin
         id="org.eclipse.ui.browser"
         download-size="0"
         install-size="0"
         version="3.2.201.v20080708_34x"
         unpack="false"/>

   <plugin
         id="org.eclipse.ui.navigator"
         download-size="0"
         install-size="0"
         version="3.3.101.M20080827-0800"
         unpack="false"/>

   <plugin
         id="org.eclipse.ui.navigator.resources"
         download-size="0"
         install-size="0"
         version="3.3.101.M20080910-0800"
         unpack="false"/>

   <plugin
         id="org.eclipse.ui.net"
         download-size="0"
         install-size="0"
         version="1.0.0.I20080605"
         unpack="false"/>

   <plugin
         id="org.eclipse.ui.workbench.texteditor"
         download-size="0"
         install-size="0"
         version="3.4.1.r341_v20080827-1100"
         unpack="false"/>

   <plugin
         id="org.eclipse.ui.views"
         download-size="0"
         install-size="0"
         version="3.3.0.I20080509-2000"
         unpack="false"/>

   <plugin
         id="org.eclipse.ui.editors"
         download-size="0"
         install-size="0"
         version="3.4.0.v20080603-2000"
         unpack="false"/>

   <plugin
         id="org.eclipse.ui.externaltools"
         download-size="0"
         install-size="0"
         version="3.2.0.v20080514-1542"
         unpack="false"/>

   <plugin
         id="org.eclipse.ui.ide"
         download-size="0"
         install-size="0"
         version="3.4.1.M20080903-2000"
         unpack="false"/>

   <plugin
         id="org.eclipse.ui.ide.application"
         download-size="0"
         install-size="0"
         version="1.0.0.I20080603-2000"
         unpack="false"/>

   <plugin
         id="org.eclipse.ui.win32"
         ws="win32"
         download-size="0"
         install-size="0"
         version="3.2.100.v20080408-0800"
         fragment="true"
         unpack="false"/>

   <plugin
         id="org.eclipse.update.core"
         download-size="0"
         install-size="0"
         version="3.2.201.R34x_v20080714"
         unpack="false"/>

   <plugin
         id="org.eclipse.update.scheduler"
         download-size="0"
         install-size="0"
         version="3.2.100.v20080404"
         unpack="false"/>

   <plugin
         id="org.eclipse.update.ui"
         download-size="0"
         install-size="0"
         version="3.2.100.v20080318"
         unpack="false"/>

   <plugin
         id="org.eclipse.ui.workbench.compatibility"
         download-size="0"
         install-size="0"
         version="3.2.0.I20080509-2000"
         fragment="true"/>

   <plugin
         id="org.eclipse.core.filesystem.hpux.ia64_32"
         os="hpux"
         arch="ia64_32"
         download-size="0"
         install-size="0"
         version="1.0.0.v20080604-1400"
         fragment="true"
         unpack="false"/>

   <plugin
         id="org.eclipse.core.filesystem.hpux.PA_RISC"
         os="hpux"
         arch="PA_RISC"
         download-size="0"
         install-size="0"
         version="1.0.0.v20080604-1400"
         fragment="true"
         unpack="false"/>

   <plugin
         id="org.eclipse.core.filesystem.linux.ppc"
         os="linux"
         arch="ppc"
         download-size="0"
         install-size="0"
         version="1.0.100.v20080604-1400"
         fragment="true"
         unpack="false"/>

   <plugin
         id="org.eclipse.core.filesystem.linux.x86"
         os="linux"
         arch="x86"
         download-size="0"
         install-size="0"
         version="1.2.0.v20080604-1400"
         fragment="true"
         unpack="false"/>

   <plugin
         id="org.eclipse.core.filesystem.linux.x86_64"
         os="linux"
         arch="x86_64"
         download-size="0"
         install-size="0"
         version="1.0.100.v20080604-1400"
         fragment="true"
         unpack="false"/>

   <plugin
         id="org.eclipse.core.filesystem.solaris.sparc"
         os="solaris"
         arch="sparc"
         download-size="0"
         install-size="0"
         version="1.0.100.v20080604-1400"
         fragment="true"
         unpack="false"/>

   <plugin
         id="org.eclipse.core.filesystem.macosx"
         os="macosx"
         download-size="0"
         install-size="0"
         version="1.0.0.v20080604-1400"
         fragment="true"
         unpack="false"/>

   <plugin
         id="org.eclipse.core.filesystem.qnx.x86"
         os="qnx"
         ws="photon"
         arch="x86"
         download-size="0"
         install-size="0"
         version="1.0.0.v20080604-1400"
         fragment="true"
         unpack="false"/>

   <plugin
         id="org.eclipse.core.filesystem.win32.x86"
         os="win32"
         arch="x86"
         download-size="0"
         install-size="0"
         version="1.1.0.v20080604-1400"
         fragment="true"
         unpack="false"/>

   <plugin
         id="org.eclipse.core.filesystem.win32.ia64"
         os="win32"
         arch="ia64"
         download-size="0"
         install-size="0"
         version="0.0.0"
         fragment="true"
         unpack="false"/>

   <plugin
         id="org.eclipse.core.resources.win32.x86"
         os="win32"
         arch="x86"
         download-size="0"
         install-size="0"
         version="3.4.0.v20071204"
         fragment="true"
         unpack="false"/>

   <plugin
         id="org.eclipse.core.resources.win32.ia64"
         os="win32"
         arch="ia64"
         download-size="0"
         install-size="0"
         version="0.0.0"
         fragment="true"
         unpack="false"/>

   <plugin
         id="org.eclipse.update.core.linux"
         os="linux"
         download-size="0"
         install-size="0"
         version="3.2.0.v20080422"
         fragment="true"
         unpack="false"/>

   <plugin
         id="org.eclipse.update.core.win32"
         os="win32"
         download-size="0"
         install-size="0"
         version="3.2.100.v20080107"
         fragment="true"
         unpack="false"/>

   <plugin
         id="org.eclipse.ui.views.properties.tabbed"
         download-size="0"
         install-size="0"
         version="3.4.1.M20080730-0800"
         unpack="false"/>
         
   <plugin
         id="org.eclipse.equinox.security"
         download-size="0"
         install-size="0"
         version="1.0.1.R34x_v20080721"
         unpack="false"/>
         
   <plugin
         id="org.eclipse.equinox.security.ui"
         download-size="0"
         install-size="0"
         version="1.0.0.v20080603-1810"
         unpack="false"/>
         
   <plugin
         id="org.eclipse.equinox.security.win32.x86"
         os="win32"
         arch="x86"
         download-size="0"
         install-size="0"
         version="1.0.0.v20080529-1600"
         fragment="true"
         unpack="false"/>
         
   <plugin
         id="org.eclipse.equinox.security.macosx"
         os="macosx"
         download-size="0"
         install-size="0"
         version="1.0.0.v20080602-2000"
         fragment="true"
         unpack="false"/>
                  

</feature>
