<?xml version="1.0" encoding="UTF-8"?>
<feature
      id="com.nokia.tools.homescreen.commandline.feature"
      label="Feature Feature"
      version="1.0.0"
      provider-name="NOKIA">

   <description url="http://www.example.com/description">
      [Enter Feature Description here.]
   </description>

   <copyright url="http://www.example.com/copyright">
      [Enter Copyright Description here.]
   </copyright>

   <license url="http://www.example.com/license">
      [Enter License Description here.]
   </license>

   <requires>
      <import plugin="org.eclipse.equinox.app"/>
      <import plugin="org.eclipse.core.runtime"/>
      <import plugin="org.eclipse.ui"/>
      <import plugin="org.eclipse.gef"/>
      <import plugin="org.eclipse.core.resources"/>
      <import plugin="com.nokia.tools.homescreen.model.ai3"/>
      <import plugin="com.nokia.tools.homescreen.util"/>
      <import plugin="com.nokia.tools.resource.core"/>
      <import plugin="com.nokia.tools.homescreen.model"/>
      <import plugin="org.eclipse.jface"/>
      <import plugin="org.eclipse.ui.ide"/>
      <import plugin="org.eclipse.draw2d"/>
   </requires>

   <plugin
         id="com.nokia.tools.homescreen.commandline"
         download-size="0"
         install-size="0"
         version="1.0.0"/>

   <plugin
         id="com.nokia.tools.homescreen.model"
         download-size="0"
         install-size="0"
         version="1.0.0"
         unpack="false"/>

   <plugin
         id="com.nokia.tools.homescreen.model.ai3"
         download-size="0"
         install-size="0"
         version="1.0.0"
         unpack="false"/>

   <plugin
         id="com.nokia.tools.homescreen.util"
         download-size="0"
         install-size="0"
         version="1.0.0"
         unpack="false"/>

   <plugin
         id="com.nokia.tools.resource.core"
         download-size="0"
         install-size="0"
         version="3.4.0.200906110435"
         unpack="false"/>

</feature>
