<?xml version="1.0" encoding="UTF-8"?>
<feature
      id="org.eclipse.epf.richtext.win32.feature"
      label="%featureName"
      version="1.5.0.v20080820-1636-14-7w3119123502722"
      provider-name="%providerName"
      plugin="org.eclipse.epf.richtext"
      image="eclipse_update_120.jpg">

   <description>
      %description
   </description>

   <copyright>
      %copyright
   </copyright>

   <license url="%licenseURL">
      %licenseText
   </license>

   <requires>
      <import plugin="org.eclipse.swt"/>
   </requires>

   <plugin
         id="org.eclipse.epf.common.win32.win32.x86"
         download-size="0"
         install-size="0"
         version="1.5.0.v20080124-1611"
         unpack="false"/>

</feature>
