<?xml version="1.0" encoding="UTF-8"?>
<feature
      id="org.eclipse.help"
      label="%featureName"
      version="1.0.1.R34x_v20080827-7r7xEIxEI6Zu5nEqN7M3UBpglaat"
      provider-name="%providerName"
      plugin="org.eclipse.help.base">    
      
   <description>
      %description
   </description>

   <copyright>
      %copyright
   </copyright>

   <license url="%licenseURL">
      %license
   </license>

   <url>
      <update label="%updateSiteName" url="http://download.eclipse.org/eclipse/updates/3.4"/>
      <discovery label="%updateSiteName" url="http://download.eclipse.org/eclipse/updates/3.4"/>
   </url>

   <includes
         id="org.eclipse.rcp"
         version="3.4.100.r341_v20080814-989JESIEdAciFYfkZZsBfSwQ2341"/>

   <plugin
         id="javax.servlet"
         download-size="0"
         install-size="0"
         version="2.4.0.v200806031604"
         unpack="false"/>

   <plugin
         id="javax.servlet.jsp"
         download-size="0"
         install-size="0"
         version="2.0.0.v200806031607"
         unpack="false"/>

   <plugin
         id="org.apache.ant"
         download-size="0"
         install-size="0"
         version="1.7.0.v200803061910"/>

   <plugin
         id="org.apache.commons.el"
         download-size="0"
         install-size="0"
         version="1.0.0.v200806031608"
         unpack="false"/>

   <plugin
         id="org.apache.commons.logging"
         download-size="0"
         install-size="0"
         version="1.0.4.v20080605-1930"
         unpack="false"/>

   <plugin
         id="org.apache.jasper"
         download-size="0"
         install-size="0"
         version="5.5.17.v200806031609"
         unpack="false"/>

   <plugin
         id="org.apache.lucene"
         download-size="0"
         install-size="0"
         version="1.9.1.v20080530-1600"
         unpack="false"/>

   <plugin
         id="org.apache.lucene.analysis"
         download-size="0"
         install-size="0"
         version="1.9.1.v20080530-1600"
         unpack="false"/>

   <plugin
         id="org.eclipse.equinox.http.jetty"
         download-size="0"
         install-size="0"
         version="1.1.0.v20080425"
         unpack="false"/>

   <plugin
         id="org.eclipse.equinox.http.registry"
         download-size="0"
         install-size="0"
         version="1.0.100.v20080427-0830"
         unpack="false"/>

   <plugin
         id="org.eclipse.equinox.http.servlet"
         download-size="0"
         install-size="0"
         version="1.0.100.v20080427-0830"
         unpack="false"/>

   <plugin
         id="org.eclipse.equinox.jsp.jasper"
         download-size="0"
         install-size="0"
         version="1.0.100.v20080427-0830"
         unpack="false"/>

   <plugin
         id="org.eclipse.equinox.jsp.jasper.registry"
         download-size="0"
         install-size="0"
         version="1.0.0.v20080427-0830"
         unpack="false"/>

   <plugin
         id="org.eclipse.help.base"
         download-size="0"
         install-size="0"
         version="3.3.101.M20080728_34x"
         unpack="false"/>

   <plugin
         id="org.eclipse.help.ui"
         download-size="0"
         install-size="0"
         version="3.3.101.M20080715_34x"
         unpack="false"/>

   <plugin
         id="org.eclipse.help.webapp"
         download-size="0"
         install-size="0"
         version="3.3.101.M20080805_34x"
         unpack="false"/>

   <plugin
         id="org.mortbay.jetty"
         download-size="0"
         install-size="0"
         version="5.1.14.v200806031611"
         unpack="false"/>

   <plugin
         id="org.eclipse.ui.forms"
         download-size="0"
         install-size="0"
         version="3.3.101.v20080708_34x"
         unpack="false"/>

   <plugin
         id="org.eclipse.osgi.services"
         download-size="0"
         install-size="0"
         version="3.1.200.v20071203"
         unpack="false"/>

   <plugin
         id="org.eclipse.core.variables"
         download-size="0"
         install-size="0"
         version="3.2.100.v20080529-1300"
         unpack="false"/>

   <plugin
         id="org.eclipse.ant.core"
         download-size="0"
         install-size="0"
         version="3.2.0.v20080529"
         unpack="false"/>

   <plugin
         id="org.eclipse.core.runtime.compatibility"
         download-size="0"
         install-size="0"
         version="3.2.0.v20071008"
         unpack="false"/>

   <plugin
         id="org.eclipse.core.runtime.compatibility.registry"
         download-size="0"
         install-size="0"
         version="3.2.200.v20080610"
         fragment="true"/>

</feature>
