<?xml version="1.0" encoding="UTF-8"?>
<feature
      id="org.eclipse.draw2d"
      label="%featureName"
      version="3.4.0.v20080115-33-7w3119163_"
      provider-name="%providerName"
      image="eclipse_update_120.jpg">

   <description>
      %description
   </description>

   <copyright>
      %copyright
   </copyright>

   <license url="%licenseURL">
      %license
   </license>

   <url>
      <update label="%updateSiteName" url="http://download.eclipse.org/tools/gef/update-site/releases/site.xml"/>
      <discovery label="%updateSiteName" url="http://download.eclipse.org/tools/gef/update-site/releases/site.xml"/>
   </url>

   <requires>
      <import plugin="com.ibm.icu" version="3.6.0" match="compatible"/>
   </requires>

   <plugin
         id="org.eclipse.draw2d"
         download-size="0"
         install-size="0"
         version="3.4.0.v20080529"
         unpack="false"/>

</feature>
